country,region,population,waste_total,waste_per_capita,recycled_waste,recycling_rate,dump_rate,plastic_pct,food_pct,waste_per_person,sustainability_index,sustainability_level,cluster
ALB,Eur. & Cent. Asia,2833567.0,754094.0,0.7209436002127608,154934.0,0.173337211774051,0.000867055256592417,0.092,0.581,0.2661287818044247,0.7675044670258492,High,0
DZA,Mid. East & N. Africa,45123436.0,13500000.0,0.8466509276976854,1208643.0,0.07,0.6,0.1531,0.5361,0.2991793377796111,0.2777914605269249,Low,0
ASM,E. Asia & Pacific,48782.0,17348.165299999997,0.94,463856.067,0.1121205770277625,0.444,0.128,0.197,0.35561907426767514,0.42858887366692033,Medium,0
AND,Eur. & Cent. Asia,79116.0,37950.0,1.3396632273740323,6386.38,0.399,0.444,0.127,0.208,0.4796693504556543,0.8104236449648549,High,1
AGO,Sub-Saharan Africa,35083102.0,7786460.028000001,0.8000000000000002,463856.067,0.1121205770277625,0.444,0.1349,0.5181,0.2219433106586952,0.4262949082012055,Medium,0
ATG,L. Amer. & the Caribbean,92598.0,30300.0,0.956136677686957,463856.067,0.1121205770277625,0.495,0.195,0.252000007629394,0.32721735655892614,0.3780551416685648,Low,0
ARG,L. Amer. & the Caribbean,45356784.0,19345000.0,1.1685131820633492,463856.067,0.1121205770277625,0.099,0.1862,0.3474,0.4265073020497374,0.6004035624613291,High,0
ARM,Eur. & Cent. Asia,2859401.0,532698.9,0.5104037667664978,463856.067,0.002,0.685,0.13,0.46,0.18629730971720662,0.14794414960044866,Low,2
ABW,L. Amer. & the Caribbean,107696.0,67810.0,1.7399932745577753,463856.067,0.129479427813007,0.444,0.127,0.3998,0.6296368515371831,0.45200574067693555,Medium,0
AUS,E. Asia & Pacific,26081167.0,13950303.7429296,1.4795796483061665,5844938.0,0.361636420252921,0.444,0.0179264732513099,0.385933509908315,0.5348803298582947,0.7969986967219698,High,1
AUT,Eur. & Cent. Asia,8993251.0,7261357.0,2.212117594307474,4115524.0,0.514657262508265,0.444,0.127,0.3998,0.8074228321412543,0.9642287267347527,High,1
AZE,Eur. & Cent. Asia,10258983.0,3890000.0,1.049620546927155,463856.067,0.1121205770277625,0.444,0.0914,0.4345,0.3791798486087901,0.4407568643981033,Medium,0
BHS,L. Amer. & the Caribbean,396562.0,503692.398678348,3.483177449016688,463856.067,0.1121205770277625,0.79,0.127,0.3998,1.27014471516089,0.2372034456819204,Low,2
BHR,Mid. East & N. Africa,1515391.0,1563486.5229,2.8266795304142445,463856.067,0.277436013388485,0.444,0.2998,0.4126,1.0317373477621632,0.5913147201646723,High,1
BGD,S. Asia,168343283.0,30472832.745,0.5,463856.067,0.0314457,0.00999812,0.1765,0.1925,0.1810160288010064,0.5456598913666938,High,0
BRB,L. Amer. & the Caribbean,282340.0,395150.679,3.839663348146677,463856.067,0.0428,0.444,0.128,0.319,1.3995511774768807,0.3364039404697543,Low,0
BLR,Eur. & Cent. Asia,9201012.0,3994300.0,1.1893569610856802,463856.067,0.339,0.444,0.127,0.3998,0.4341152436150237,0.7306335418095568,High,1
BEL,Eur. & Cent. Asia,11585536.0,7915113.0,1.8717512159895244,463856.067,0.332781098640032,0.444,0.1242,0.3681,0.6831891348670329,0.723294313329294,High,1
BLZ,L. Amer. & the Caribbean,397352.0,100000.0,0.7770486859465655,70000.0,0.1121205770277625,0.7277,0.17,0.4,0.2516653957564181,0.25742802044003416,Low,2
BEN,Sub-Saharan Africa,13584835.0,2044000.0,0.0,463856.067,0.25,0.444,0.0726,0.5213,0.15046188264620936,0.6303639788443987,High,1
BMU,N. Amer.,64772.99999999999,73200.0,3.108162131417936,463856.067,0.0164383561643836,0.444,0.19,0.24,1.1300830580171057,0.2807348591381846,Low,0
BTN,S. Asia,778165.0,60377.7,0.2169836534790708,463856.067,0.237268502997224,0.444,0.187194941178614,0.438474801126906,0.07758974306253422,0.5753350954510303,High,1
BOL,L. Amer. & the Caribbean,11994813.0,3024025.0,0.6907152283241097,57492.0,0.0389,0.444,0.101,0.595,0.25211103731996176,0.34019397036963095,Low,0
BIH,Eur. & Cent. Asia,3215138.0,1184449.0,1.0093083884500935,463856.067,0.1121205770277625,0.444,0.127,0.3998,0.3683974472021272,0.42892133243006747,Medium,0
BWA,Sub-Saharan Africa,2419846.0,241000.0,0.2933734759141411,1516.04,0.006290622406639,0.444,0.127,0.1283,0.09959307344637905,0.28818494916106796,Low,0
BRA,L. Amer. & the Caribbean,209905829.0,81811506.0,1.0678174750867309,1117341.0,0.0163365840613946,0.131003747908624,0.168,0.453,0.3897533765498557,0.46134418988410514,Medium,0
VGB,L. Amer. & the Caribbean,37995.0,55093.1,4.176073483842408,463856.067,0.1121205770277625,0.1974,0.201338280111303,0.315688352987942,1.4499710495841667,0.5408474714232309,High,0
BRN,E. Asia & Pacific,453711.0,297218.0,1.849482924416702,463856.067,0.113,0.444,0.29,0.32,0.6550807560743379,0.3759000415316269,Low,0
BGR,Eur. & Cent. Asia,6838344.0,3180000.0,1.2358351384266515,375000.0,0.281900031046259,0.444,0.114614594111752,0.0987948340535379,0.4650247976666869,0.6588176383158495,High,1
BFA,Sub-Saharan Africa,22252441.0,457771.0,0.0576945683610311,463856.067,0.1121205770277625,0.09,0.1343,0.2842,0.020571719724064443,0.6226450537158685,High,0
BDI,Sub-Saharan Africa,13138197.0,2044000.0,0.0,463856.067,0.1121205770277625,0.444,0.08,0.57,0.15557689113834333,0.44454689429798,Medium,0
CPV,Sub-Saharan Africa,518434.99999999994,163443.49745999998,0.8739999999999998,463856.067,0.1121205770277625,0.945,0.097,0.174,0.3152626311830197,0.16129202809667142,Low,2
KHM,E. Asia & Pacific,17088769.0,4780000.0,0.7893320192331315,463856.067,0.04,0.444,0.1,0.55,0.2797158601818621,0.3419892476906252,Low,0
CMR,Sub-Saharan Africa,27267710.0,6000000.0,0.6028506304483787,463856.067,0.1121205770277625,0.444,0.033,0.834,0.22004047204402305,0.46017245616589253,Medium,0
CAN,N. Amer.,38582793.0,30452356.0,2.252300277884394,463856.067,0.355242116433673,0.444,0.118293737272742,0.26536482103388,0.7892729593403733,0.7551273509092133,High,1
CYM,L. Amer. & the Caribbean,70863.0,83590.0,3.2317810229617288,463856.067,0.0182,0.444,0.127,0.3998,1.1795834274102506,0.3040224569392291,Low,0
CAF,Sub-Saharan Africa,5131487.0,1153642.92,0.6787671232876712,463856.067,0.1121205770277625,0.444,0.127,0.3998,0.22481645090079133,0.42892133243006747,Medium,0
TCD,Sub-Saharan Africa,18142947.0,2044000.0,0.0,463856.067,0.1121205770277625,0.444,0.06,0.7,0.11266085313147566,0.45119606956092145,Medium,0
CHI,Eur. & Cent. Asia,166983.99999999997,60949.15999999999,1.0,55358.62,0.234348467098175,0.444,0.127,0.3998,0.3649978141749259,0.5914642650496118,High,1
CHL,L. Amer. & the Caribbean,19502834.0,8685825.90673575,1.220170530402163,463856.067,0.0073,0.0143316951612668,0.108,0.576,0.4453622207610201,0.5339222933494543,High,0
CHN,E. Asia & Pacific,1426098192.0,502607447.9726,0.9655763638849396,463856.067,0.1121205770277625,0.444,0.121,0.593,0.3524353725708704,0.4309160850089499,Medium,0
COL,L. Amer. & the Caribbean,51443283.0,14423329.7,0.7681463832862672,4081.0,0.169144022271085,0.0135815041543479,0.1078,0.6154,0.2803734244493411,0.7496303182605284,High,0
COM,Sub-Saharan Africa,826109.0,110704.5,0.3600995883728081,463856.067,0.1121205770277625,0.444,0.05,0.5,0.13400697243708465,0.45452065719239226,Medium,0
COD,Sub-Saharan Africa,100730624.0,13144573.815,0.5,463856.067,0.049,0.444,0.127,0.3998,0.1304923285743536,0.34498137655894884,Low,0
COG,Sub-Saharan Africa,5962066.0,888747.2307999999,0.5199999999999999,463856.067,0.262,0.444,0.127,0.3998,0.14906696466175237,0.6282362427602574,High,1
CRI,L. Amer. & the Caribbean,5070553.0,1615689.05817292,0.8766439732819548,156000.0,0.0394906992937432,0.444,0.13,0.52,0.3186415248063466,0.3313381988647246,Low,0
CIV,Sub-Saharan Africa,30006484.0,5000000.0,0.4679614417573245,463856.067,0.1121205770277625,0.444,0.127,0.3998,0.16663064667521038,0.42892133243006747,Medium,0
HRV,Eur. & Cent. Asia,3911342.0,1844382.0,1.2919098789783696,630882.0,0.260905639913232,0.444,0.2287,0.3135,0.4715469852682314,0.5929698681446621,High,1
CUB,L. Amer. & the Caribbean,11080372.0,4572000.0,1.122005255055912,463856.067,0.0818253481650171,0.918174651834983,0.096,0.689,0.4126214884643324,0.1362006997118402,Low,2
CUW,L. Amer. & the Caribbean,185295.0,213000.0,3.147683548742767,83600.0,0.37219730941704,0.444,0.148,0.28,1.149512131940247,0.7677988534978677,High,1
CYP,Eur. & Cent. Asia,1324626.0,614620.0,1.2712195072110195,97410.0,0.131417436223873,0.444,0.1471,0.4164,0.4639947698484177,0.44790055105465987,Medium,0
CZE,Eur. & Cent. Asia,10518548.0,5904400.0,1.5343563637844029,2996690.0,0.301264160236414,0.444,0.127264187785679,0.370766520791626,0.5613321761395037,0.6803632678086192,High,1
DNK,Eur. & Cent. Asia,5873437.0,4503000.0,2.112455694607755,2011068.0,0.312236286919831,0.444,0.0706083026682779,0.23402282174094,0.7666719219646142,0.7137901319648006,High,1
DJI,Mid. East & N. Africa,1129177.0,2044000.0,0.0,463856.067,0.1121205770277625,0.444,0.127,0.3998,1.8101663333858788,0.42892133243006747,Medium,0
DMA,L. Amer. & the Caribbean,66985.0,13000.0,0.5317076712124265,463856.067,0.1121205770277625,0.444,0.127,0.3998,0.1940704027707282,0.42892133243006747,Medium,0
DOM,L. Amer. & the Caribbean,11178924.0,4293943.7514,1.0629021284362978,463856.067,0.06,0.552441594105827,0.06,0.6,0.38411061451794337,0.3217970355180735,Low,0
ECU,L. Amer. & the Caribbean,17745785.0,5253810.0,0.8111221904243741,97508.16,0.0012,0.7311,0.1109,0.2759,0.29605958282152167,0.12768632896602014,Low,2
EGY,Mid. East & N. Africa,111743365.0,25840000.0,0.6425896543712464,463856.067,0.125,0.385,0.13,0.56,0.23124415278487315,0.47774324264234774,High,0
SLV,L. Amer. & the Caribbean,6265375.0,1541847.04332028,0.6762906391626513,463856.067,0.1121205770277625,0.444,0.2574,0.3929,0.2460901058963229,0.38556870971568874,Low,0
GNQ,Sub-Saharan Africa,1781610.0,198443.0,0.3670917845540105,463856.067,0.1121205770277625,0.444,0.127,0.3998,0.11138402266263511,0.42892133243006747,Medium,0
ERI,Sub-Saharan Africa,3379895.0,2044000.0,0.954243487320348,463856.067,0.1121205770277625,0.444,0.127,0.3998,0.6047523355748224,0.42892133243006747,Medium,0
EST,Eur. & Cent. Asia,1333017.0,495000.0,1.0173646574362096,463856.067,0.328828828828829,0.444,0.18,0.32,0.37133782139475985,0.699487247413463,High,1
SWZ,Sub-Saharan Africa,1213127.0,238341.0,0.5663985909153436,463856.067,0.294057673669239,0.444,0.127,0.525,0.19646813856410866,0.6708676609100486,High,1
ETH,Sub-Saharan Africa,123740213.0,4453000.0,0.1040082574372148,463856.067,0.03818275977815001,0.444,0.08,0.7,0.035986684167202104,0.34622179320757723,Low,0
FRO,Eur. & Cent. Asia,53672.0,56000.0,3.1710447374955373,13497.0,0.295655758270906,0.444,0.127,0.3998,1.0433551320030556,0.6729928498303469,High,1
FJI,E. Asia & Pacific,917097.0,177263.07125,0.53,463856.067,0.0545,0.444,0.183,0.373,0.1932869456154086,0.33367777861194825,Low,0
FIN,Eur. & Cent. Asia,5548271.0,2898043.0,1.4310483095754405,1346931.0,0.291084519419283,0.444,0.120406946832576,0.302184468974509,0.5223325388517361,0.6691057744731097,High,1
FRA,Eur. & Cent. Asia,66173331.99999999,36606000.0,1.5155714232268689,14300000.0,0.235726383652953,0.444,0.134056799815285,0.216070191641653,0.5531835611181924,0.5909505718453312,High,1
PYF,E. Asia & Pacific,279985.0,83366.881,0.8191780821917808,8500.0,0.39,0.61,0.02,0.47,0.29775374840170576,0.742047959344273,High,1
GAB,Sub-Saharan Africa,2403779.0,386358.0,0.4971507904717256,463856.067,0.1121205770277625,0.14,0.127,0.3998,0.160729351271747,0.5973671057579191,High,0
GMB,Sub-Saharan Africa,2606154.0,282378.0,0.3624724474927734,463856.067,0.1121205770277625,0.444,0.127,0.3998,0.10835042428405064,0.42892133243006747,Medium,0
GEO,Eur. & Cent. Asia,3782422.0,1117396.49,0.8063491659378094,463856.067,0.1121205770277625,0.444,0.1489,0.4603,0.2954181724254532,0.4216404855171465,Medium,0
DEU,Eur. & Cent. Asia,83771555.0,49699000.0,1.6253923403429296,23358530.0,0.469928972413932,0.444,0.0847276780523232,0.354869597030045,0.5932681971431926,0.9188012825950501,High,1
GHA,Sub-Saharan Africa,32830932.999999996,3290590.0,0.3036460730922852,463856.067,0.1121205770277625,0.444,0.127,0.3998,0.10022833952881147,0.42892133243006747,Medium,0
GIB,Eur. & Cent. Asia,37197.0,16416.5,1.2315638644240725,2628.24,0.1121205770277625,0.444,0.1607,0.2753,0.4413274907253078,0.41771747211201093,Medium,0
GRC,Eur. & Cent. Asia,10475664.0,5381000.0,1.3799338897035638,1030342.0,0.16,0.444,0.140262847318014,0.429757949343082,0.5136666741443144,0.4881837175810951,High,0
GRL,Eur. & Cent. Asia,56019.0,41958.231,2.052054794520548,463856.067,0.1121205770277625,0.444,0.127,0.3998,0.7489866297750803,0.42892133243006747,Medium,0
GRD,L. Amer. & the Caribbean,116819.0,34000.0,0.7973932744802374,463856.067,0.1121205770277625,0.444,0.164,0.271,0.29104605375791814,0.41662035819362564,Medium,0
GUM,E. Asia & Pacific,164502.0,141500.0,2.3286494565483475,463856.067,0.382,0.444,0.124,0.273,0.8601666838902634,0.788813825360295,High,1
GTM,L. Amer. & the Caribbean,17711271.0,6533833.02514632,1.023726506111516,463856.067,0.1121205770277625,0.444,0.13,0.56,0.3689081747006268,0.4279239561406262,Medium,0
GIN,Sub-Saharan Africa,13880879.0,2044000.0,0.954243487320348,463856.067,0.05,0.444,0.04,0.58,0.14725291191912904,0.3752351240053327,Low,0
GNB,Sub-Saharan Africa,2081768.0,2044000.0,0.954243487320348,463856.067,0.1121205770277625,0.444,0.127,0.3998,0.981857256977119,0.42892133243006747,Medium,0
GUY,L. Amer. & the Caribbean,819200.0,250353.257275,0.8449491908978473,463856.067,0.1121205770277625,0.444,0.142,0.501,0.30560663045455266,0.42393445098286126,Medium,0
HTI,L. Amer. & the Caribbean,11437610.0,2799501.7762,0.6780555930295038,463856.067,0.1121205770277625,0.43,0.127,0.613,0.24476280721559776,0.4366787035701659,Medium,0
HND,L. Amer. & the Caribbean,10373434.0,3234671.22062583,0.8682966829883968,463856.067,0.1121205770277625,0.303,0.15,0.58,0.31182257570668054,0.4994025902172475,High,0
HKG,E. Asia & Pacific,7479439.0,5975150.0,2.188703453909142,1912800.0,0.32,0.444,0.164947323498155,0.225513167033464,0.7988766538671345,0.6927507555754404,High,1
HUN,Eur. & Cent. Asia,9685406.0,3911000.0,1.1063107208051666,463856.067,0.2376,0.444,0.1499,0.1853,0.4038033714019452,0.5881749618010348,High,1
ISL,Eur. & Cent. Asia,376336.0,227000.0,1.652559968270849,18945.0,0.20704845814978,0.444,0.127,0.3998,0.6031827856415926,0.5551597562140618,High,1
IND,S. Asia,1419143477.0,202254010.156059,0.3931984723320157,463856.067,0.1121205770277625,0.444,0.161,0.45,0.14251836638892618,0.4176177344830668,Medium,0
IDN,E. Asia & Pacific,277634568.0,55439035.8866128,0.5424050063791067,1002069.0,0.0885727169920445,0.120789019403838,0.1915,0.3971,0.19968347632752032,0.5552535105923958,High,0
IRN,Mid. East & N. Africa,88945856.0,20453099.5872,0.63,463856.067,0.043,0.654,0.0777,0.7204,0.2299499974147194,0.23703201616509334,Low,2
IRQ,Mid. East & N. Africa,43550907.0,18039760.0,1.2130778153191129,463856.067,0.00062722563936549,0.444,0.0671,0.6817,0.4142223624820865,0.3005678455357422,Low,0
IRL,Eur. & Cent. Asia,5054196.0,3170388.0,1.7362769410538894,824969.0,0.2602,0.444,0.16,0.16,0.6272782798137865,0.6148714004817449,High,1
IMN,Eur. & Cent. Asia,84106.0,49378.0,1.6074786922315396,463856.067,0.128923812224067,0.444,0.127,0.3998,0.5870854982343919,0.4512668635909987,Medium,0
ISR,Mid. East & N. Africa,9015491.0,6189622.0,1.88097004291288,463856.067,0.243,0.444,0.19,0.43,0.6865539895105004,0.5820244746828138,High,1
ITA,Eur. & Cent. Asia,59674464.0,29051310.0,1.333780394524973,8329880.0,0.218628606323276,0.444,0.127,0.347,0.486829835843522,0.5705594431693432,High,1
JAM,L. Amer. & the Caribbean,2838538.0,1229527.38443669,1.1874430662937887,463856.067,0.1121205770277625,0.7,0.18,0.55,0.43315500841689686,0.2694519457071868,Low,2
JPN,E. Asia & Pacific,125324442.0,40344000.0,0.8819628883670997,7906000.0,0.157146043468563,0.444,0.148,0.283,0.32191645168532684,0.4818161419360936,High,0
JOR,Mid. East & N. Africa,11165043.0,3561640.0,0.9066349371082152,463856.067,0.07,0.45,0.15,0.51,0.3189991906883663,0.36193677347944975,Low,0
KAZ,Eur. & Cent. Asia,19873218.0,4142952.0,0.5620198764437282,463856.067,0.111241154055525,0.444,0.25,0.3,0.20846909602314553,0.3868594170684443,Low,0
KEN,Sub-Saharan Africa,53711410.0,3450500.0,0.1792902843223909,463856.067,0.1121205770277625,0.444,0.138,0.588,0.06424147002952502,0.4252642860354496,Medium,0
KIR,E. Asia & Pacific,129402.99999999999,14263.312,0.3068493150684931,463856.067,0.00254166537091569,0.444,0.0573,0.6679,0.11022311520509413,0.30637183047566674,Low,0
KOR,E. Asia & Pacific,51805631.0,23038561.400207,1.2183877521332958,13786268.175951,0.38431288808126,0.444,0.241866573445551,0.242451590035731,0.4447115209444217,0.7527038097793763,High,1
XKX,Eur. & Cent. Asia,1726752.0,501000.0,0.7949043868059962,463856.067,0.0259481037924152,0.444,0.11,0.42,0.29013993315778225,0.31997795592697553,Low,0
KWT,Mid. East & N. Africa,4385601.0,3827000.0,2.187359235545668,0.0,0.1121205770277625,0.444,0.2,0.47,0.8726282047481737,0.4046518427203309,Low,0
KGZ,Eur. & Cent. Asia,6895139.0,1957585.923,0.7643835616438355,463856.067,0.1121205770277625,0.444,0.21,0.32,0.28390807481791525,0.40132725508886014,Low,0
LAO,E. Asia & Pacific,7505704.0,351893.0,0.1428540497412797,463856.067,0.1121205770277625,0.55,0.127,0.3998,0.04688340402400574,0.3701869509407507,Low,0
LVA,Eur. & Cent. Asia,1877027.0,869000.0,1.256936192285086,463856.067,0.360919540229885,0.444,0.114511676180592,0.330824424839993,0.4629659227246477,0.7639347674346577,High,1
LBN,Mid. East & N. Africa,5727783.0,2044000.0,0.98100012963216,463856.067,0.1121205770277625,0.42,0.125,0.705,0.3568570323182578,0.4428846004822446,Medium,0
LSO,Sub-Saharan Africa,2273725.0,2044000.0,0.954243487320348,463856.067,0.1121205770277625,0.444,0.127,0.3998,0.898964958838488,0.42892133243006747,Medium,0
LBR,Sub-Saharan Africa,5313918.0,2044000.0,0.954243487320348,463856.067,0.1121205770277625,0.64,0.127,0.3998,0.38465019884571067,0.32031813646868934,Low,2
LBY,Mid. East & N. Africa,7178831.0,3200000.0,1.3756884092578954,463856.067,0.1121205770277625,0.67,0.075,0.701,0.4457549640387183,0.3209830539949835,Low,2
LIE,Eur. & Cent. Asia,39174.0,32424.0,2.2676488669099086,16926.0,0.522004626060139,0.444,0.0488,0.3239,0.8276707083599234,0.9999977836082458,High,1
LTU,Eur. & Cent. Asia,2792454.0,1317000.0,1.2921320022038651,463856.067,0.265,0.444,0.1272,0.3018,0.47162801191066644,0.6321592561653929,High,1
LUX,Eur. & Cent. Asia,645633.0,465501.393,1.9753424657534249,263258.0,0.306948386418585,0.444,0.0872257360153008,0.315933821444853,0.7209988832682294,0.7012334851864142,High,1
MAC,E. Asia & Pacific,699757.0,443038.96,1.7346098286448206,5705.46,0.0128780096450208,0.444,0.218,0.38,0.6331316826674365,0.266691340169257,Low,0
MDG,Sub-Saharan Africa,30061046.0,3558235.44125,0.35,463856.067,0.1121205770277625,0.444,0.0579,0.4537,0.11836698306782197,0.4518942329635304,Medium,0
MWI,Sub-Saharan Africa,20304623.0,3102500.0,0.4649244579801274,463856.067,0.04,0.444,0.07,0.82,0.15279770755666294,0.3519630105850375,Low,0
MYS,E. Asia & Pacific,34482632.0,13963724.0,1.3008267263788864,16066.901,0.00123192419620067,0.444,0.24,0.36,0.4049494712309237,0.24388987472474177,Low,0
MDV,S. Asia,523068.99999999994,205261.0,1.1704520516867876,117.0,0.1121205770277625,0.79,0.0998046389718456,0.574069112008613,0.3924159290343549,0.2462447817726788,Low,2
MLI,Sub-Saharan Africa,22729371.0,2044000.0,0.954243487320348,463856.067,0.1121205770277625,0.444,0.02,0.175,0.08992769355880136,0.4644944200868045,Medium,0
MLT,Mid. East & N. Africa,526866.0,306109.146,1.5917808219178082,39807.0,0.1212171964165,0.444,0.17,0.356,0.580998897254905,0.4267226089379407,Medium,0
MHL,E. Asia & Pacific,40682.0,21187.374,1.3,463856.067,0.1121205770277625,0.444,0.204138517503661,0.0826758633722304,0.520791829511098,0.40327595630980123,Low,0
MRT,Sub-Saharan Africa,4802913.0,454000.0,0.308989559154319,463856.067,0.08,0.547,0.127,0.3998,0.09452594820561018,0.3291341755156049,Low,0
MUS,Sub-Saharan Africa,1277600.0,473983.0,1.0164242029147117,463856.067,0.04,0.444,0.14,0.16,0.3709945436799126,0.3286908971647422,Low,0
MEX,L. Amer. & the Caribbean,128055116.0,47670612.9170294,1.0264320087034515,5281.0,0.0745,0.0308,0.1239,0.3307,0.3722663649358846,0.6088760607863261,High,0
FSM,E. Asia & Pacific,111859.0,27375.0,0.6704869523239078,463856.067,0.1121205770277625,0.444,0.2089,0.1784,0.24472554979438585,0.4016929597283219,Low,0
MDA,Eur. & Cent. Asia,2999245.0,948880.0,0.8413311648656815,42251.1,0.061,0.588,0.113,0.297,0.3163728483758918,0.2858037167187694,Low,0
MCO,Eur. & Cent. Asia,38727.0,46000.0,3.2500553745847784,463856.067,0.083,0.444,0.127,0.3998,1.1877711216690767,0.3901957683469512,Low,0
MNG,E. Asia & Pacific,3362435.0,1612000.0,1.3803228985417673,463856.067,0.0874137818417429,0.444,0.1845,0.292,0.47941432937310924,0.3769489912736218,Low,0
MNE,Eur. & Cent. Asia,601626.0,335797.6,1.5291783012328826,1021.6,0.00304230881936023,0.444,0.174834149261564,0.320963205326904,0.5581491522155754,0.26796234579121364,Low,0
MAR,Mid. East & N. Africa,37134402.0,7433045.0,0.5537673187496632,463856.067,0.081,0.329,0.1,0.7,0.20016600239944615,0.4602337477832685,Medium,0
MOZ,Sub-Saharan Africa,32171866.0,4200000.0,0.3472127929951744,463856.067,0.015,0.985,0.127,0.6,0.1305488425648409,0.0,Low,2
MMR,E. Asia & Pacific,53566461.0,7475200.0,0.390421511493243,463856.067,0.11,0.18,0.105,0.182,0.13955000425452777,0.5796972633407843,High,0
NAM,Sub-Saharan Africa,2851288.0,2044000.0,0.954243487320348,463856.067,0.1121205770277625,0.444,0.127,0.3998,0.7168687565518613,0.42892133243006747,Medium,0
NRU,E. Asia & Pacific,11757.0,569.674,0.1342465753424657,463856.067,0.1121205770277625,0.444,0.1287,0.1248,0.0484499064466746,0.4283561525327174,Medium,0
NPL,S. Asia,29715593.0,1788500.0,0.1707393102731194,463856.067,0.1121205770277625,0.444,0.16,0.56,0.060187253870812744,0.4179501932462139,Medium,0
NLD,Eur. & Cent. Asia,17789347.0,8370000.0,1.2890583813624563,2354000.0,0.281242532855436,0.444,0.125,0.306,0.4705062827485302,0.6544905549782924,High,1
NCL,E. Asia & Pacific,285776.0,112661.95850000001,1.07,463856.067,0.1121205770277625,0.444,0.127,0.3998,0.39423032119449786,0.42892133243006747,Medium,0
NZL,E. Asia & Pacific,5112112.0,3601300.0,1.9300389628524872,463856.067,0.092,0.444,0.0832,0.0901,0.7044640836382138,0.4167259776460878,Medium,0
NIC,L. Amer. & the Caribbean,6684151.0,1518162.40769799,0.6296957809057978,463856.067,0.1121205770277625,0.444,0.127,0.3998,0.22712864813636646,0.42892133243006747,Medium,0
NER,Sub-Saharan Africa,24896651.0,1606695.0,0.1950514134551736,463856.067,0.1121205770277625,0.444,0.127,0.65,0.0645345807942369,0.42892133243006747,Medium,0
NGA,Sub-Saharan Africa,220807042.0,44500000.0,0.5637777806954721,463856.067,0.1121205770277625,0.444,0.084,0.4978,0.20153342663078008,0.4432170592453917,Medium,0
MKD,Eur. & Cent. Asia,1844375.0,878303.0,1.3105611808135302,463856.067,0.003,0.444,0.139,0.453,0.47620604475443185,0.279819458982122,Low,0
MNP,E. Asia & Pacific,46538.0,29340.093636363632,1.727272727272727,463856.067,0.1121205770277625,0.444,0.178698426650259,0.154570214760775,0.6304409986541102,0.41173373744927244,Medium,0
NOR,Eur. & Cent. Asia,5425048.0,4189000.0,2.115504292084996,1416875.0,0.274815774317688,0.444,0.088425127712502,0.227097085925921,0.7721589242788406,0.6581036630032379,High,1
OMN,Mid. East & N. Africa,4527058.0,3307951.049,2.0019358237295326,463856.067,0.3,0.444,0.2566,0.3464,0.7307064142526086,0.6356833190547518,High,1
PAK,S. Asia,241727933.0,48500000.0,0.5496953152235291,463856.067,0.1121205770277625,0.444,0.0971,0.5696,0.20063878922656908,0.438861849448165,Medium,0
PLW,E. Asia & Pacific,17770.0,13048.17476,2.008,463856.067,0.082,0.444,0.08,0.53,0.7342397591581791,0.4044914951622754,Low,0
PAN,L. Amer. & the Caribbean,4371516.0,1970906.38765,1.2501449375310454,463856.067,0.1121205770277625,0.444,0.172,0.33,0.45085181817890674,0.41396068808844905,Medium,0
PNG,E. Asia & Pacific,10110130.0,1630100.8660499998,0.47,463856.067,0.1121205770277625,0.444,0.1284,0.4018,0.16123439607755824,0.4284558901616615,Medium,0
PRY,L. Amer. & the Caribbean,6719402.0,2943098.076,1.2,463856.067,0.1121205770277625,0.444,0.127,0.3998,0.43799993481563765,0.42892133243006747,Medium,0
PER,L. Amer. & the Caribbean,33294532.0,10213959.25,0.8475407629567493,1102201.96,0.00931967884788702,0.444,0.131293634006287,0.442464207239983,0.30677586767773557,0.29078563834177157,Low,0
PHL,E. Asia & Pacific,113517326.0,16628026.0,0.4086569046328062,463856.067,0.1121205770277625,0.444,0.1055,0.5231,0.14648006995443083,0.4360691958377295,Medium,0
POL,Eur. & Cent. Asia,37957529.0,13474922.795,0.9726027397260274,3600000.0,0.267,0.444,0.151,0.289,0.35499999064744203,0.6269064077076691,High,1
PRT,Eur. & Cent. Asia,10403320.0,5274483.24,1.389041095890411,1082000.0,0.16,0.444,0.1021,0.3877,0.5069999512655622,0.5008712905986127,High,0
PRI,L. Amer. & the Caribbean,3241925.0,3026032.5,2.1991777852405607,302603.25,0.14,0.86,0.1,0.13,0.9334057902617148,0.24446801050081626,Low,2
QAT,Mid. East & N. Africa,2839198.0,1298850.0,1.2636766226956304,463856.067,0.00313277129768641,0.444,0.14,0.57,0.4574705753277597,0.27966356414461596,Low,0
ROU,Eur. & Cent. Asia,19164426.0,5742000.0,0.8208702336983674,890707.0,0.0743280815569972,0.444,0.133,0.5649,0.29961761966585276,0.3766687946493766,Low,0
RUS,Eur. & Cent. Asia,145484378.0,45867400.0,0.8637635965907013,463856.067,0.0656740953269642,0.444,0.14,0.34,0.31527371058854364,0.36283320907403266,Low,0
RWA,Sub-Saharan Africa,13499464.0,2044000.0,0.954243487320348,463856.067,0.1121205770277625,0.444,0.127,0.3998,0.15141340786468205,0.42892133243006747,Medium,0
WSM,E. Asia & Pacific,214537.0,19780.378935,0.257,463856.067,0.026604,0.444,0.0765,0.5353,0.0921998850320223,0.3319875582601085,Low,0
SMR,Eur. & Cent. Asia,34322.0,18019.62,1.4271745466526429,7420.7,0.4296,0.444,0.127,0.3998,0.5250013110742068,0.851116597574057,High,1
STP,Sub-Saharan Africa,224052.0,24249.38,0.3345974079697345,463856.067,0.1121205770277625,0.444,0.03,0.5,0.10823055259246697,0.4611698324553338,Medium,0
SAU,Mid. East & N. Africa,31483360.0,20751133.0,1.8057926211840851,463856.067,0.0372734672972495,0.444,0.104673556635507,0.418163701318685,0.659114285796869,0.3368096440719408,Low,0
SEN,Sub-Saharan Africa,17435133.0,3000000.0,0.4832934320905871,463856.067,0.1121205770277625,0.438,0.09,0.12,0.17206635750548288,0.44454689429798,Medium,0
SRB,Eur. & Cent. Asia,6794359.0,2870000.0,1.143461434620621,390320.0,0.181042964906527,0.444,0.121,0.4,0.42240917466840144,0.5225714923182181,High,0
SYC,Sub-Saharan Africa,124351.0,49170.0,1.3707411578204798,463856.067,0.048,0.061,0.13,0.31,0.39540980442614515,0.5548736756924694,High,0
SLE,Sub-Saharan Africa,8185494.0,2044000.0,0.954243487320348,463856.067,0.1121205770277625,0.444,0.127,0.3998,0.24971000532038687,0.42892133243006747,Medium,0
SGP,E. Asia & Pacific,5534051.0,1851948.6216,0.88,3553000.0,0.52,0.444,0.13556338028169,0.11010292524377,0.3346460462604977,0.9684867155112308,High,1
SXM,L. Amer. & the Caribbean,41835.0,14446.0,0.97,463856.067,0.1,0.9,0.117,0.257,0.34530069796347646,0.16345889188064547,Low,2
SVK,Eur. & Cent. Asia,5429857.0,2597456.7,1.3105906336073672,531546.7,0.204641224804295,0.444,0.127808036564464,0.575092998159081,0.478365493167593,0.5516898940946771,High,0
SVN,Eur. & Cent. Asia,2112888.0,1064576.0,1.3804075631753627,300201.0,0.460925586691394,0.444,0.06719388047448,0.148587493894283,0.5038485220946297,0.9126575293252468,High,1
SLB,E. Asia & Pacific,771660.0,211556.67179999998,0.86,463856.067,0.1121205770277625,0.444,0.103,0.622,0.2741575274634846,0.43690034274559725,Medium,0
SOM,Sub-Saharan Africa,17572390.0,2044000.0,0.954243487320348,463856.067,0.1121205770277625,0.444,0.127,0.3998,0.11631883219534553,0.42892133243006747,Medium,0
ZAF,Sub-Saharan Africa,61959937.0,7995632.3,0.3488364528826728,463856.067,0.0837,0.444,0.0497015642623664,0.300734986631602,0.1290451953002277,0.4168251952223003,Medium,0
SSD,Sub-Saharan Africa,10895460.0,2044000.0,0.954243487320348,463856.067,0.1121205770277625,0.444,0.127,0.3998,0.18760105699061289,0.42892133243006747,Medium,0
ESP,Eur. & Cent. Asia,47749421.0,28088509.8,1.6125680598311185,3811037.0,0.173501264780528,0.444,0.09,0.07,0.5882481635065656,0.5228484967921143,High,0
LKA,S. Asia,22765133.0,2971830.0,0.3596987066088032,463856.067,0.1121205770277625,0.2481,0.06,0.62,0.13054304885708118,0.5597438557284418,High,0
KNA,L. Amer. & the Caribbean,46706.0,33000.0,1.9357461333470984,463856.067,0.1121205770277625,0.444,0.232,0.272,0.7065322114458218,0.39401316229962446,Low,0
LCA,L. Amer. & the Caribbean,178516.0,81705.25,1.2539492258397007,463856.067,0.1121205770277625,0.444,0.2,0.53,0.4576889035778105,0.4046518427203309,Low,0
MAF,L. Amer. & the Caribbean,29484.0,14446.0,1.19448548897751,463856.067,0.1121205770277625,0.444,0.185,0.314,0.48994403934203834,0.40963872416753705,Medium,0
VCT,L. Amer. & the Caribbean,102413.0,31886.4,0.8530167068633866,463856.067,0.1121205770277625,0.444,0.238,0.3075,0.31134805788271136,0.39201840972074203,Low,0
SDN,Sub-Saharan Africa,48729683.0,7945892.685,0.5,463856.067,0.1121205770277625,0.444,0.04,0.4,0.16306062409516137,0.457845244823863,Medium,0
SUR,L. Amer. & the Caribbean,620300.0,140000.0,0.6183486116969473,463856.067,0.05,0.95,0.11,0.57,0.22569687941821792,0.07158945366433697,Low,2
SWE,Eur. & Cent. Asia,10452766.0,4139000.0,1.084854097699811,2800000.0,0.241,0.444,0.0767386091127098,0.378896882494005,0.39597170777842844,0.6170195465043432,High,1
CHE,Eur. & Cent. Asia,8741311.0,5940000.0,1.861731335578808,3100211.0,0.285209490156487,0.444,0.0702078388265199,0.403352160978299,0.6795318597482849,0.6779820879832416,High,1
SYR,Mid. East & N. Africa,21909727.0,3576050.0,0.5102936520248816,463856.067,0.0174,0.557525,0.07,0.57,0.1632174529962216,0.2590047699194222,Low,0
TWN,E. Asia & Pacific,23470220.0,11579543.0,1.3574998984795017,6752287.0,0.541793575100503,0.444,0.2586,0.1741,0.4933717070665845,0.9565639731877489,High,1
TJK,Eur. & Cent. Asia,10076553.0,1500000.0,0.4468843382580588,463856.067,0.1121205770277625,1.0,0.127,0.3998,0.14886041398676572,0.12084287858044392,Low,2
TZA,Sub-Saharan Africa,63766638.0,14800000.0,0.6551171899324995,463856.067,0.075,0.144,0.07,0.37,0.23209628470460864,0.5647366189991659,High,0
THA,E. Asia & Pacific,71754996.0,26950000.0,1.0295605503628509,463856.067,0.345454545454545,0.444,0.1762,0.64,0.3755835987283227,0.7228600514566991,High,1
TLS,E. Asia & Pacific,1361744.0,240276.04323100002,0.4918,463856.067,0.1121205770277625,0.444,0.0973,0.5857,0.17644716391908913,0.43879535769553557,Medium,0
TGO,Sub-Saharan Africa,8983194.0,348000.0,0.1036750019039482,463856.067,0.1121205770277625,0.444,0.1,0.38,0.038739000990182224,0.4378977190350385,Medium,0
TON,E. Asia & Pacific,105268.0,9476.0,0.2455907505899711,1590.0,0.091,0.444,0.105,0.3998,0.09001700405627487,0.4081485415568933,Medium,0
TTO,L. Amer. & the Caribbean,1491733.0,780000.0,1.4403069493536187,463856.067,0.1121205770277625,0.444,0.1284,0.206,0.522881425240693,0.4284558901616615,Medium,0
TUN,Mid. East & N. Africa,12078065.0,2810000.0,0.6453745269264044,463856.067,0.04,0.21,0.094,0.632,0.23265314165363893,0.4736429178968672,High,0
TUR,Eur. & Cent. Asia,86947617.0,30283757.0,0.954243487320348,4318000.0,0.119899488878102,0.444,0.0586,0.5554,0.3482988688660798,0.46200618147890343,Medium,0
TKM,Eur. & Cent. Asia,7162213.0,750000.0,0.3194140165033002,463856.067,0.01,0.99,0.0219,0.1618,0.10471622322371267,0.02552175105092378,Low,2
TCA,L. Amer. & the Caribbean,45669.0,2044000.0,0.954243487320348,463856.067,0.1121205770277625,0.444,0.1625,0.2177,44.75585723669805,0.41711904633834623,Medium,0
TUV,E. Asia & Pacific,10080.0,1642.6,0.4217688821558332,463856.067,0.0627054669426519,0.354316327773043,0.146,0.42,0.1629401845055054,0.40658420831668635,Low,0
UGA,Sub-Saharan Africa,46644329.0,10554334.0,0.6199249767753354,463856.067,0.1121205770277625,0.444,0.016,0.73,0.2262726037655595,0.46582425513939285,Medium,0
UKR,Eur. & Cent. Asia,44073121.0,9349117.906,0.6736204713407388,463856.067,0.0496149553052406,0.444,0.11,0.44,0.2121274255542868,0.35145096465313325,Low,0
ARE,Mid. East & N. Africa,10039142.0,4617980.0,1.2602670626633232,463856.067,0.0895625812039844,0.444,0.249599990844727,0.276200008392333,0.45999743205171995,0.358163477549386,Low,0
GBR,Eur. & Cent. Asia,67915749.0,31418575.11,1.2767123287671232,8695144.0,0.2618,0.444,0.092,0.203,0.4626110307255681,0.6396063324598873,High,1
USA,N. Amer.,340592993.0,265260817.976,2.1779915649658514,463856.067,0.241,0.444,0.122,0.216,0.7788205355040274,0.6019720004716383,High,1
URY,L. Amer. & the Caribbean,3393144.0,1250583.44,1.0076497428861744,463856.067,0.1121205770277625,0.0498748583660581,0.173,0.402,0.36856174434042754,0.6320121578466126,High,0
UZB,Eur. & Cent. Asia,34583751.0,6816840.5,0.5400303553673445,2208235.0,0.052,0.444,0.08,0.28,0.19711107400955225,0.36459644358462634,Low,0
VUT,E. Asia & Pacific,309361.0,41610.0,0.3949720747813794,463856.067,0.015012065856070735,0.40210890685903783,0.1033,0.3721,0.1345026215242984,0.33087407141008,Low,0
VEN,L. Amer. & the Caribbean,28175250.0,8251445.5,0.79078268236052,1100.0,0.1121205770277625,0.444,0.1,0.5,0.29286147264491097,0.4378977190350385,Medium,0
VNM,E. Asia & Pacific,99332219.0,19000000.0,0.5642628740711286,463856.067,0.075,0.444,0.1,0.55,0.1912773116316136,0.38853347453121573,Low,0
VIR,L. Amer. & the Caribbean,86915.0,146500.0,3.789475372354756,463856.067,0.1121205770277625,0.444,0.136,0.089,1.6855354595241383,0.42592920356174374,Medium,0
PSE,Mid. East & N. Africa,5242563.0,1580000.0,0.882654492887341,463856.067,0.0276,0.2944,0.146,0.5,0.30137924877979555,0.3930992415451023,Low,0
YEM,Mid. East & N. Africa,37651414.0,4409561.0,0.3820147338449896,463856.067,0.1121205770277625,0.444,0.1,0.65,0.11711541252832065,0.4378977190350385,Medium,0
ZMB,Sub-Saharan Africa,19875494.0,4352733.186,0.6,463856.067,0.06,0.444,0.14,0.51,0.2189999889814065,0.3552875982165081,Low,0
ZWE,Sub-Saharan Africa,15934852.0,2500000.0,0.4449280290070864,463856.067,0.1121205770277625,0.444,0.15361,0.44688,0.15688880217470472,0.42007460474272373,Medium,0
